ajanadi => ANADI Abidé Jacqueline  anadiabidejacqueline@gmail.com
bgfreitas => FREITAS Bélinda Gloria E. A.  fsbelinda@gmail.com
jpossian => POSSIAN Junior kvngjnr1003@gmail.com
aalomebla => ALOMEBLA Adèle alomeblaa@gmail.com
tctablenandjali => TABLENANDJALI  Tchablenan Charles ctablenandjali@gmail.com
kaassigbi => ASSIGBI Komi Aristide  assigbi.komi.aristide@gmail.com
ghamoussou => AMOUSSOU Georges-Hector hector.amoussou15@gmail.com
mdiafara => DIAFARA Moussa  daoudassa@gmail.com
amamadou => MAMADOU Aniss  anissmmd@gmail.com
kmoafoutou => AFOUTOU Komi Mensah Olivier livermakolz@gmail.com
kcgnonouglo => GNONOUGLO Komi Célestin gnonouglocelestin@gmail.com
